Andromeda,0.367,39.067
Antlia,10.000,-34.000
Apus,15.683,-74.583
Aquarius,22.283,-5.517
Aquila,19.583,3.817
Ara,17.167,-52.467
Aries,2.500,19.000
Auriga,5.783,43.767
Bootes,14.300,24
Caelum,4.667,-40.000
Camelopardalis,5.700,67.883
Cancer,8.567,25.700
Canes Venatici,13.000,42.583
Canis Major,6.750,-20.783
Canis Minor,7.500,6.800
Capricornus,20.917,-20.567
Carina,7.700,-56.550
Cassiopeia,1.000,63.300
Centaurus,12.750,-44.000
Cepheus,22.000,68.067
Cetus,1.333,-7.200
Chamaeleon,10.683,-78.850
Circinus,14.917,-57.933
Columba,5.667,-36.317
Coma Berenices,12.667,24.050
Corona Australis,18.500,-41.483
Corona Borealis,15.833,32.033
Corvus,12.317,-18.500
Crater,11.300,-14.467
Crux,12.333,-58.767
Cygnus,20.500,44.450
Delphinus,20.550,10
Dorado,5.467,-65.717
Draco,17.800,62.400
Equuleus,21.083,6.367
Eridanus,3.800,-12.500
Fornax,2.667,-32.000
Gemini,7.000,25.383
Grus,22.367,-43.933
Hercules,17.450,24
Horologium,3.200,-50.567
Hydra,8.833,-3.967
Hydrus,2.667,-73.000
Indus,21.100,-55.450
Lacerta,22.417,44.117
Leo,10.517,15.833
Leo Minor,10.300,35.117
Lepus,5.500,-21.750
Libra,15.117,-15
Lupus,15.467,-34.100
Lynx,8.100,43
Lyra,18.750,36.183
Mensa,5.567,-78.083
Microscopium,20.833,-35.300
Monoceros,7.000,-4.767
Musca,12.467,-67.800
Norma,15.883,-51.100
Octans,20.433,-87.300
Ophiuchus,17.000,-3.417
Orion,5.417,3.500
Pavo,19.617,-66.600
Pegasus,22.633,19
Perseus,3.567,43.217
Phoenix,0.583,-47.200
Pictor,5.267,-48.883
Pisces,0.783,13.867
Piscis Austrinus,22.217,-30.667
Puppis,7.550,-37.100
Pyxis,8.850,-27.917
Reticulum,3.833,-61.033
Sagitta,19.583,17.800
Sagittarius,19.183,-28.783
Scorpius,16.933,-34
Sculptor,0.350,-32.533
Scutum,18.550,-9.167
Serpens (Caput),15.550,10.617
Serpens (Cauda),17.750,-13.250
Sextans,10.167,-2.650
Taurus,4.000,13.500
Telescopium,19.100,-51.433
Triangulum,1.967,33
Triangulum Australe,15.867,-65.567
Tucana,23.700,-64.033
Ursa Major,10.200,54.8
Ursa Minor,14.983,74.5
Vela,9.583,-47.167
Virgo,13.250,0.117
Volans,7.767,-68.567
Vulpecula,20.283,24.617
